date,open,high,low,close,volume
1636776300,88200,88200,88200,88200,22.49982
1636776240,88200,88200,88200,88200,0
1636776180,88200,88200,88200,88200,0
1636776120,88200,88200,88200,88200,0
1636776060,88200,88200,88200,88200,0
1636776000,88200,88200,88200,88200,0
1636775940,88200,88200,88200,88200,0
1636775880,88200,88200,88200,88200,0
1636775820,88200,88200,88200,88200,0
1636775760,88200,88200,88200,88200,0
1636775700,88200,88200,88200,88200,0
1636775640,88200,88200,88200,88200,0
1636775580,88200,88200,88200,88200,0
1636775520,88200,88200,88200,88200,0
1636775460,88200,88200,88200,88200,0
1636775400,88200,88200,88200,88200,0
1636775340,88200,88200,88200,88200,0
1636775280,88200,88200,88200,88200,0
1636775220,88200,88200,88200,88200,0
1636775160,88200,88200,88200,88200,0
1636775100,88200,88200,88200,88200,0
1636775040,88200,88200,88200,88200,0
1636774980,88200,88200,88200,88200,0
1636774920,88200,88200,88200,88200,0
1636774860,88200,88200,88200,88200,0
1636774800,88200,88200,88200,88200,0
1636774740,88200,88200,88200,88200,0
1636774680,88200,88200,88200,88200,0
1636774620,88200,88200,88200,88200,0
1636774560,88200,88200,88200,88200,0
1636774500,88200,88200,88200,88200,0
1636774440,88200,88200,88200,88200,0
1636774380,88200,88200,88200,88200,0
1636774320,88200,88200,88200,88200,0
1636774260,88200,88200,88200,88200,0
1636774200,88200,88200,88200,88200,0
1636774140,88200,88200,88200,88200,0
1636774080,88200,88200,88200,88200,0
1636774020,88200,88200,88200,88200,0
1636773960,88200,88200,88200,88200,0
1636773900,88200,88200,88200,88200,0
1636773840,88200,88200,88200,88200,0
1636773780,88200,88200,88200,88200,0
1636773720,88200,88200,88200,88200,0
1636773660,88200,88200,88200,88200,0
1636773600,88200,88200,88200,88200,0
1636773540,88200,88200,88200,88200,0
1636773480,88200,88200,88200,88200,0
1636773420,88200,88200,88200,88200,0
1636773360,88200,88200,88200,88200,0
1636773300,88200,88200,88200,88200,0
1636773240,88200,88200,88200,88200,0
1636773180,88200,88200,88200,88200,0
1636773120,88200,88200,88200,88200,0
1636773060,88200,88200,88200,88200,0
1636773000,88200,88200,88200,88200,0
1636772940,88200,88200,88200,88200,0
1636772880,88200,88200,88200,88200,0
1636772820,88200,88200,88200,88200,0
1636772760,88200,88200,88200,88200,0
1636772700,88200,88200,88200,88200,0
1636772640,88200,88200,88200,88200,0
1636772580,88200,88200,88200,88200,0
1636772520,88200,88200,88200,88200,0
1636772460,88200,88200,88200,88200,0
1636772400,88200,88200,88200,88200,0
1636772340,88200,88200,88200,88200,0
1636772280,88200,88200,88200,88200,0
1636772220,88200,88200,88200,88200,0
1636772160,88200,88200,88200,88200,0
1636772100,88200,88200,88200,88200,0
1636772040,88200,88200,88200,88200,0
1636771980,88200,88200,88200,88200,0
1636771920,88200,88200,88200,88200,0
1636771860,88200,88200,88200,88200,0
1636771800,88200,88200,88200,88200,0
1636771740,88200,88200,88200,88200,0
1636771680,88200,88200,88200,88200,0
1636771620,88200,88200,88200,88200,0
1636771560,88200,88200,88200,88200,0
1636771500,88200,88200,88200,88200,0
1636771440,88200,88200,88200,88200,0
1636771380,88200,88200,88200,88200,0
1636771320,88200,88200,88200,88200,0
1636771260,88200,88200,88200,88200,0
1636771200,88200,88200,88200,88200,0
1636771140,88200,88200,88200,88200,0
1636771080,88200,88200,88200,88200,0
1636771020,88200,88200,88200,88200,0
1636770960,88200,88200,88200,88200,0
1636770900,88200,88200,88200,88200,0
1636770840,88200,88200,88200,88200,0
1636770780,88200,88200,88200,88200,0
1636770720,88200,88200,88200,88200,0
1636770660,88200,88200,88200,88200,0
1636770600,88200,88200,88200,88200,0
1636770540,88200,88200,88200,88200,0
1636770480,88200,88200,88200,88200,0
1636770420,88200,88200,88200,88200,0
1636770360,88200,88200,88200,88200,0
1636770300,88200,88200,88200,88200,0
1636770240,88200,88200,88200,88200,0
1636770180,88200,88200,88200,88200,0
1636770120,88200,88200,88200,88200,0
1636770060,88200,88200,88200,88200,0
1636770000,88200,88200,88200,88200,0
1636769940,88200,88200,88200,88200,0
1636769880,88200,88200,88200,88200,0
1636769820,88200,88200,88200,88200,0
1636769760,88200,88200,88200,88200,0
1636769700,88200,88200,88200,88200,0
1636769640,88200,88200,88200,88200,0
1636769580,88200,88200,88200,88200,0
1636769520,88200,88200,88200,88200,0
1636769460,88200,88200,88200,88200,0
1636769400,88200,88200,88200,88200,0
1636769340,88200,88200,88200,88200,0
1636769280,88200,88200,88200,88200,0
1636769220,88200,88200,88200,88200,0
1636769160,88200,88200,88200,88200,0
1636769100,88200,88200,88200,88200,0
1636769040,88200,88200,88200,88200,0
1636768980,88200,88200,88200,88200,0
1636768920,88200,88200,88200,88200,0
1636768860,88200,88200,88200,88200,0
1636768800,88200,88200,88200,88200,0
1636768740,88200,88200,88200,88200,0
1636768680,88200,88200,88200,88200,0
1636768620,88200,88200,88200,88200,0
1636768560,88200,88200,88200,88200,0
1636768500,88200,88200,88200,88200,0
1636768440,88200,88200,88200,88200,0
1636768380,88200,88200,88200,88200,0
1636768320,88200,88200,88200,88200,0
1636768260,88200,88200,88200,88200,0
1636768200,88200,88200,88200,88200,0
1636768140,88200,88200,88200,88200,0
1636768080,88200,88200,88200,88200,0
1636768020,88200,88200,88200,88200,0
1636767960,88200,88200,88200,88200,0
1636767900,88200,88200,88200,88200,0
1636767840,88200,88200,88200,88200,0
1636767780,88200,88200,88200,88200,0
1636767720,88200,88200,88200,88200,0
1636767660,88200,88200,88200,88200,0
1636767600,88200,88200,88200,88200,0
1636767540,88200,88200,88200,88200,0
1636767480,88200,88200,88200,88200,0
1636767420,88200,88200,88200,88200,0
1636767360,88200,88200,88200,88200,0
1636767300,88200,88200,88200,88200,0
1636767240,88200,88200,88200,88200,0
1636767180,88200,88200,88200,88200,0
1636767120,88200,88200,88200,88200,0
1636767060,88200,88200,88200,88200,0
1636767000,88200,88200,88200,88200,0
1636766940,88200,88200,88200,88200,0
1636766880,88200,88200,88200,88200,0
1636766820,88200,88200,88200,88200,0
1636766760,88200,88200,88200,88200,0
1636766700,88200,88200,88200,88200,0
1636766640,88200,88200,88200,88200,0
1636766580,88200,88200,88200,88200,0
1636766520,88200,88200,88200,88200,0
1636766460,88200,88200,88200,88200,0
1636766400,88200,88200,88200,88200,0
1636766340,88200,88200,88200,88200,0
1636766280,88200,88200,88200,88200,0
1636766220,88200,88200,88200,88200,0
1636766160,88200,88200,88200,88200,0
1636766100,88200,88200,88200,88200,0
1636766040,88200,88200,88200,88200,0
1636765980,88200,88200,88200,88200,0
1636765920,88200,88200,88200,88200,0
1636765860,88200,88200,88200,88200,0
1636765800,88200,88200,88200,88200,0
1636765740,88200,88200,88200,88200,0
1636765680,88200,88200,88200,88200,0
1636765620,88200,88200,88200,88200,0
1636765560,88200,88200,88200,88200,0
1636765500,88200,88200,88200,88200,0
1636765440,88200,88200,88200,88200,0
1636765380,88200,88200,88200,88200,0
1636765320,88200,88200,88200,88200,0
1636765260,88200,88200,88200,88200,0
1636765200,88200,88200,88200,88200,0
1636765140,88200,88200,88200,88200,0
1636765080,88200,88200,88200,88200,0
1636765020,88200,88200,88200,88200,0
1636764960,88200,88200,88200,88200,0
1636764900,88200,88200,88200,88200,0
1636764840,88200,88200,88200,88200,0
1636764780,88200,88200,88200,88200,0
1636764720,88200,88200,88200,88200,0
1636764660,88200,88200,88200,88200,0
1636764600,88200,88200,88200,88200,0
1636764540,88200,88200,88200,88200,0
1636764480,88200,88200,88200,88200,0
1636764420,88200,88200,88200,88200,0
1636764360,88200,88200,88200,88200,0
1636764300,88200,88200,88200,88200,0
1636764240,88200,88200,88200,88200,0
1636764180,88200,88200,88200,88200,0
1636764120,88200,88200,88200,88200,0
1636764060,88200,88200,88200,88200,0
1636764000,88200,88200,88200,88200,0
1636763940,88200,88200,88200,88200,0
1636763880,88200,88200,88200,88200,0
1636763820,88200,88200,88200,88200,0
1636763760,88200,88200,88200,88200,0
1636763700,88200,88200,88200,88200,0
1636763640,88200,88200,88200,88200,0
1636763580,88200,88200,88200,88200,0
1636763520,88200,88200,88200,88200,0
1636763460,88200,88200,88200,88200,0
1636763400,88200,88200,88200,88200,0
1636763340,88200,88200,88200,88200,0
1636763280,88200,88200,88200,88200,0
1636763220,88200,88200,88200,88200,0
1636763160,88200,88200,88200,88200,0
1636763100,88200,88200,88200,88200,0
1636763040,88200,88200,88200,88200,0
1636762980,88200,88200,88200,88200,0
1636762920,88200,88200,88200,88200,0
1636762860,88200,88200,88200,88200,0
1636762800,88200,88200,88200,88200,0
1636762740,88200,88200,88200,88200,0
1636762680,88200,88200,88200,88200,0
1636762620,88200,88200,88200,88200,0
1636762560,88200,88200,88200,88200,0
1636762500,88200,88200,88200,88200,0
1636762440,88200,88200,88200,88200,0
1636762380,88200,88200,88200,88200,0
1636762320,88200,88200,88200,88200,0
1636762260,88200,88200,88200,88200,0
1636762200,88200,88200,88200,88200,0
1636762140,88200,88200,88200,88200,0
1636762080,88200,88200,88200,88200,0
1636762020,88200,88200,88200,88200,0
1636761960,88200,88200,88200,88200,0
1636761900,88200,88200,88200,88200,0
1636761840,88200,88200,88200,88200,0
1636761780,88200,88200,88200,88200,0
1636761720,88200,88200,88200,88200,0
1636761660,88200,88200,88200,88200,0
1636761600,88200,88200,88200,88200,0
1636761540,88200,88200,88200,88200,0
1636761480,88200,88200,88200,88200,0
1636761420,88200,88200,88200,88200,0
1636761360,88200,88200,88200,88200,0
1636761300,88200,88200,88200,88200,0
1636761240,88200,88200,88200,88200,0
1636761180,88200,88200,88200,88200,0
1636761120,88200,88200,88200,88200,0
1636761060,88200,88200,88200,88200,0
1636761000,88200,88200,88200,88200,0
1636760940,88200,88200,88200,88200,0
1636760880,88200,88200,88200,88200,0
1636760820,88200,88200,88200,88200,0
1636760760,88200,88200,88200,88200,0
1636760700,88200,88200,88200,88200,0
1636760640,88200,88200,88200,88200,0
1636760580,88200,88200,88200,88200,0
1636760520,88200,88200,88200,88200,0
1636760460,88200,88200,88200,88200,0
1636760400,88200,88200,88200,88200,0
1636760340,88200,88200,88200,88200,0
1636760280,88200,88200,88200,88200,0
1636760220,88200,88200,88200,88200,0
1636760160,88200,88200,88200,88200,0
1636760100,88200,88200,88200,88200,0
1636760040,88200,88200,88200,88200,0
1636759980,88200,88200,88200,88200,0
1636759920,88200,88200,88200,88200,0
1636759860,88200,88200,88200,88200,0
1636759800,88200,88200,88200,88200,0
1636759740,88200,88200,88200,88200,0
1636759680,88200,88200,88200,88200,0
1636759620,88200,88200,88200,88200,0
1636759560,88200,88200,88200,88200,0
1636759500,88200,88200,88200,88200,0
1636759440,88200,88200,88200,88200,0
1636759380,88200,88200,88200,88200,0
1636759320,88200,88200,88200,88200,0
1636759260,88200,88200,88200,88200,0
1636759200,88200,88200,88200,88200,0
1636759140,88200,88200,88200,88200,0
1636759080,88200,88200,88200,88200,0
1636759020,88200,88200,88200,88200,0
1636758960,88200,88200,88200,88200,0
1636758900,88200,88200,88200,88200,0
1636758840,88200,88200,88200,88200,0
1636758780,88200,88200,88200,88200,0
1636758720,88200,88200,88200,88200,0
1636758660,88200,88200,88200,88200,0
1636758600,88200,88200,88200,88200,0
1636758540,88200,88200,88200,88200,0
1636758480,88200,88200,88200,88200,0
1636758420,88200,88200,88200,88200,0
1636758360,88200,88200,88200,88200,0
1636758300,88200,88200,88200,88200,0
1636758240,88200,88200,88200,88200,0
1636758180,88200,88200,88200,88200,0
1636758120,88200,88200,88200,88200,0
1636758060,88200,88200,88200,88200,0
1636758000,88200,88200,88200,88200,0
1636757940,88200,88200,88200,88200,0
1636757880,88200,88200,88200,88200,0
1636757820,88200,88200,88200,88200,0
1636757760,88200,88200,88200,88200,0
1636757700,88200,88200,88200,88200,0
1636757640,88200,88200,88200,88200,0
1636757580,88200,88200,88200,88200,0
1636757520,88200,88200,88200,88200,0
1636757460,88200,88200,88200,88200,0
1636757400,88200,88200,88200,88200,0
1636757340,88200,88200,88200,88200,0
1636757280,88200,88200,88200,88200,0
1636757220,88200,88200,88200,88200,0
1636757160,88200,88200,88200,88200,0
1636757100,88200,88200,88200,88200,0
1636757040,88200,88200,88200,88200,0
1636756980,88200,88200,88200,88200,0
1636756920,88200,88200,88200,88200,0
1636756860,88200,88200,88200,88200,0
1636756800,88200,88200,88200,88200,0
1636756740,88200,88200,88200,88200,0
1636756680,88200,88200,88200,88200,0
1636756620,88200,88200,88200,88200,0
1636756560,88200,88200,88200,88200,0
1636756500,88200,88200,88200,88200,0
1636756440,88200,88200,88200,88200,0
1636756380,88200,88200,88200,88200,0
1636756320,88200,88200,88200,88200,0
1636756260,88200,88200,88200,88200,0
1636756200,88200,88200,88200,88200,0
1636756140,88200,88200,88200,88200,0
1636756080,88200,88200,88200,88200,0
1636756020,88200,88200,88200,88200,0
1636755960,88200,88200,88200,88200,0
1636755900,88200,88200,88200,88200,0
1636755840,88200,88200,88200,88200,0
1636755780,88200,88200,88200,88200,0
1636755720,88200,88200,88200,88200,0
1636755660,88200,88200,88200,88200,0
1636755600,88200,88200,88200,88200,0
1636755540,88200,88200,88200,88200,0
1636755480,88200,88200,88200,88200,0
1636755420,88200,88200,88200,88200,0
1636755360,88200,88200,88200,88200,0
1636755300,88200,88200,88200,88200,0
1636755240,88200,88200,88200,88200,0
1636755180,88200,88200,88200,88200,0
1636755120,88200,88200,88200,88200,0
1636755060,88200,88200,88200,88200,0
1636755000,88200,88200,88200,88200,0
1636754940,88200,88200,88200,88200,0
1636754880,88200,88200,88200,88200,0
1636754820,88200,88200,88200,88200,0
1636754760,88200,88200,88200,88200,0
1636754700,88200,88200,88200,88200,0
1636754640,88200,88200,88200,88200,0
1636754580,88200,88200,88200,88200,0
1636754520,88200,88200,88200,88200,0
1636754460,88200,88200,88200,88200,0
1636754400,88200,88200,88200,88200,0
1636754340,88200,88200,88200,88200,0
1636754280,88200,88200,88200,88200,0
1636754220,88200,88200,88200,88200,0
1636754160,88200,88200,88200,88200,0
1636754100,88200,88200,88200,88200,0
1636754040,88200,88200,88200,88200,0
1636753980,88200,88200,88200,88200,0
1636753920,88200,88200,88200,88200,0
1636753860,88200,88200,88200,88200,0
1636753800,88200,88200,88200,88200,0
1636753740,88200,88200,88200,88200,0
1636753680,88200,88200,88200,88200,0
1636753620,88200,88200,88200,88200,0
1636753560,88200,88200,88200,88200,0
1636753500,88200,88200,88200,88200,0
1636753440,88200,88200,88200,88200,0
1636753380,88200,88200,88200,88200,0
1636753320,88200,88200,88200,88200,0
1636753260,88200,88200,88200,88200,0
1636753200,88200,88200,88200,88200,0
1636753140,88200,88200,88200,88200,0
1636753080,88200,88200,88200,88200,0
1636753020,88200,88200,88200,88200,0
1636752960,88200,88200,88200,88200,0
1636752900,88200,88200,88200,88200,0
1636752840,88200,88200,88200,88200,0
1636752780,88200,88200,88200,88200,0
1636752720,88200,88200,88200,88200,0
1636752660,88200,88200,88200,88200,0
1636752600,88200,88200,88200,88200,0
1636752540,88200,88200,88200,88200,0
1636752480,88200,88200,88200,88200,0
1636752420,88200,88200,88200,88200,0
1636752360,88200,88200,88200,88200,0
1636752300,88200,88200,88200,88200,0
1636752240,88200,88200,88200,88200,0
1636752180,88200,88200,88200,88200,0
1636752120,88200,88200,88200,88200,0
1636752060,88200,88200,88200,88200,0
1636752000,88200,88200,88200,88200,0
1636751940,88200,88200,88200,88200,0
1636751880,88200,88200,88200,88200,0
1636751820,88200,88200,88200,88200,0
1636751760,88200,88200,88200,88200,0
1636751700,88200,88200,88200,88200,0
1636751640,88200,88200,88200,88200,0
1636751580,88200,88200,88200,88200,0
1636751520,88200,88200,88200,88200,0
1636751460,88200,88200,88200,88200,0
1636751400,88200,88200,88200,88200,0
1636751340,88200,88200,88200,88200,0
1636751280,88200,88200,88200,88200,0
1636751220,88200,88200,88200,88200,0
1636751160,88200,88200,88200,88200,0
1636751100,88200,88200,88200,88200,0
1636751040,88200,88200,88200,88200,0
1636750980,88200,88200,88200,88200,0
1636750920,88200,88200,88200,88200,0
1636750860,88200,88200,88200,88200,0
1636750800,88200,88200,88200,88200,0
1636750740,88200,88200,88200,88200,0
1636750680,88200,88200,88200,88200,0
1636750620,88200,88200,88200,88200,0
1636750560,88200,88200,88200,88200,0
1636750500,88200,88200,88200,88200,0
1636750440,88200,88200,88200,88200,0
1636750380,88200,88200,88200,88200,0
1636750320,88200,88200,88200,88200,0
1636750260,88200,88200,88200,88200,0
1636750200,88200,88200,88200,88200,0
1636750140,88200,88200,88200,88200,0
1636750080,88200,88200,88200,88200,0
1636750020,88200,88200,88200,88200,0
1636749960,88200,88200,88200,88200,0
1636749900,88200,88200,88200,88200,0
1636749840,88200,88200,88200,88200,0
1636749780,88200,88200,88200,88200,0
1636749720,88200,88200,88200,88200,0
1636749660,88200,88200,88200,88200,0
1636749600,88200,88200,88200,88200,0
1636749540,88200,88200,88200,88200,0
1636749480,88200,88200,88200,88200,0
1636749420,88200,88200,88200,88200,0
1636749360,88200,88200,88200,88200,0
1636749300,88200,88200,88200,88200,0
1636749240,88200,88200,88200,88200,0
1636749180,88200,88200,88200,88200,0
1636749120,88200,88200,88200,88200,0
1636749060,88200,88200,88200,88200,0
1636749000,88200,88200,88200,88200,0
1636748940,88200,88200,88200,88200,0
1636748880,88200,88200,88200,88200,0
1636748820,88200,88200,88200,88200,0
1636748760,88200,88200,88200,88200,0
1636748700,88200,88200,88200,88200,0
1636748640,88200,88200,88200,88200,0
1636748580,88200,88200,88200,88200,0
1636748520,88200,88200,88200,88200,0
1636748460,88200,88200,88200,88200,0
1636748400,88200,88200,88200,88200,0
1636748340,88200,88200,88200,88200,0
1636748280,88200,88200,88200,88200,0
1636748220,88200,88200,88200,88200,0
1636748160,88200,88200,88200,88200,0
1636748100,88200,88200,88200,88200,0
1636748040,88200,88200,88200,88200,0
1636747980,88200,88200,88200,88200,0
1636747920,88200,88200,88200,88200,0
1636747860,88200,88200,88200,88200,0
1636747800,88200,88200,88200,88200,0
1636747740,88200,88200,88200,88200,0
1636747680,88200,88200,88200,88200,0
1636747620,88200,88200,88200,88200,0
1636747560,88200,88200,88200,88200,0
1636747500,88200,88200,88200,88200,0
1636747440,88200,88200,88200,88200,0
1636747380,88200,88200,88200,88200,0
1636747320,88200,88200,88200,88200,0
1636747260,88200,88200,88200,88200,0
1636747200,88200,88200,88200,88200,0
1636747140,88200,88200,88200,88200,0
1636747080,88200,88200,88200,88200,0
1636747020,88200,88200,88200,88200,0
1636746960,88200,88200,88200,88200,0
1636746900,88200,88200,88200,88200,0
1636746840,88200,88200,88200,88200,0
1636746780,88200,88200,88200,88200,0
1636746720,88200,88200,88200,88200,0
1636746660,88200,88200,88200,88200,0
1636746600,88200,88200,88200,88200,0
1636746540,88200,88200,88200,88200,0
1636746480,88200,88200,88200,88200,0
1636746420,88200,88200,88200,88200,0
1636746360,88200,88200,88200,88200,0
1636746300,88200,88200,88200,88200,0
1636746240,88200,88200,88200,88200,0
1636746180,88200,88200,88200,88200,0
1636746120,88200,88200,88200,88200,0
1636746060,88200,88200,88200,88200,0
1636746000,88200,88200,88200,88200,0
1636745940,88200,88200,88200,88200,0
1636745880,88200,88200,88200,88200,0
1636745820,88200,88200,88200,88200,0
1636745760,88200,88200,88200,88200,0
1636745700,88200,88200,88200,88200,0
1636745640,88200,88200,88200,88200,0
1636745580,88200,88200,88200,88200,0
1636745520,88200,88200,88200,88200,0
1636745460,88200,88200,88200,88200,0
1636745400,88200,88200,88200,88200,0
1636745340,88200,88200,88200,88200,0
1636745280,88200,88200,88200,88200,0
1636745220,88200,88200,88200,88200,0
1636745160,88200,88200,88200,88200,0
1636745100,88200,88200,88200,88200,0
1636745040,88200,88200,88200,88200,0
1636744980,88200,88200,88200,88200,0
1636744920,88200,88200,88200,88200,0
1636744860,88200,88200,88200,88200,0
1636744800,88200,88200,88200,88200,0
1636744740,88200,88200,88200,88200,0
1636744680,88200,88200,88200,88200,0
1636744620,88200,88200,88200,88200,0
1636744560,88200,88200,88200,88200,0
1636744500,88200,88200,88200,88200,0
1636744440,88200,88200,88200,88200,0
1636744380,88200,88200,88200,88200,0
1636744320,88200,88200,88200,88200,0
1636744260,88200,88200,88200,88200,0
1636744200,88200,88200,88200,88200,0
1636744140,88200,88200,88200,88200,0
1636744080,88200,88200,88200,88200,0
1636744020,88200,88200,88200,88200,0
1636743960,88200,88200,88200,88200,0
1636743900,88200,88200,88200,88200,0
1636743840,88200,88200,88200,88200,0
1636743780,88200,88200,88200,88200,0
1636743720,88200,88200,88200,88200,0
1636743660,88200,88200,88200,88200,0
1636743600,88200,88200,88200,88200,0
1636743540,88200,88200,88200,88200,0
1636743480,88200,88200,88200,88200,0
1636743420,88200,88200,88200,88200,0
1636743360,88200,88200,88200,88200,0
1636743300,88200,88200,88200,88200,0
1636743240,88200,88200,88200,88200,0
1636743180,88200,88200,88200,88200,0
1636743120,88200,88200,88200,88200,0
1636743060,88200,88200,88200,88200,0
1636743000,88200,88200,88200,88200,0
1636742940,88200,88200,88200,88200,0
1636742880,88200,88200,88200,88200,0
1636742820,88200,88200,88200,88200,0
1636742760,88200,88200,88200,88200,0
1636742700,88200,88200,88200,88200,0
1636742640,88200,88200,88200,88200,0
1636742580,88200,88200,88200,88200,0
1636742520,88200,88200,88200,88200,0
1636742460,88200,88200,88200,88200,0
1636742400,88200,88200,88200,88200,0
1636742340,88200,88200,88200,88200,0
1636742280,88200,88200,88200,88200,0
1636742220,88200,88200,88200,88200,0
1636742160,88200,88200,88200,88200,0
1636742100,88200,88200,88200,88200,0
1636742040,88200,88200,88200,88200,0
1636741980,88200,88200,88200,88200,0
1636741920,88200,88200,88200,88200,0
1636741860,88200,88200,88200,88200,0
1636741800,88200,88200,88200,88200,0
1636741740,88200,88200,88200,88200,0
1636741680,88200,88200,88200,88200,0
1636741620,88200,88200,88200,88200,0
1636741560,88200,88200,88200,88200,0
1636741500,88200,88200,88200,88200,0
1636741440,88200,88200,88200,88200,0
1636741380,88200,88200,88200,88200,0
1636741320,88200,88200,88200,88200,0
1636741260,88200,88200,88200,88200,0
1636741200,88200,88200,88200,88200,0
1636741140,88200,88200,88200,88200,0
1636741080,88200,88200,88200,88200,0
1636741020,88200,88200,88200,88200,0
1636740960,88200,88200,88200,88200,0
1636740900,88200,88200,88200,88200,0
1636740840,88200,88200,88200,88200,0
1636740780,88200,88200,88200,88200,0
1636740720,88200,88200,88200,88200,0
1636740660,88200,88200,88200,88200,0
1636740600,88200,88200,88200,88200,0
1636740540,88200,88200,88200,88200,0
1636740480,88200,88200,88200,88200,0
1636740420,88200,88200,88200,88200,0
1636740360,88200,88200,88200,88200,0
1636740300,88200,88200,88200,88200,0
1636740240,88200,88200,88200,88200,0
1636740180,88200,88200,88200,88200,0
1636740120,88200,88200,88200,88200,0
1636740060,88200,88200,88200,88200,0
1636740000,88200,88200,88200,88200,0
1636739940,88200,88200,88200,88200,0
1636739880,88200,88200,88200,88200,0
1636739820,88200,88200,88200,88200,0
1636739760,88200,88200,88200,88200,0
1636739700,88200,88200,88200,88200,0
1636739640,88200,88200,88200,88200,0
1636739580,88200,88200,88200,88200,0
1636739520,88200,88200,88200,88200,0
1636739460,88200,88200,88200,88200,0
1636739400,88200,88200,88200,88200,0
1636739340,88200,88200,88200,88200,0
1636739280,88200,88200,88200,88200,0
1636739220,88200,88200,88200,88200,0
1636739160,88200,88200,88200,88200,0
1636739100,88200,88200,88200,88200,0
1636739040,88200,88200,88200,88200,0
1636738980,88200,88200,88200,88200,0
1636738920,88200,88200,88200,88200,0
1636738860,88200,88200,88200,88200,0
1636738800,88200,88200,88200,88200,0
1636738740,88200,88200,88200,88200,0
1636738680,88200,88200,88200,88200,0
1636738620,88200,88200,88200,88200,0
1636738560,88200,88200,88200,88200,0
1636738500,88200,88200,88200,88200,0
1636738440,88200,88200,88200,88200,0
1636738380,88200,88200,88200,88200,0
1636738320,88200,88200,88200,88200,0
1636738260,88200,88200,88200,88200,0
1636738200,88200,88200,88200,88200,0
1636738140,88200,88200,88200,88200,0
1636738080,88200,88200,88200,88200,0
1636738020,88200,88200,88200,88200,0
1636737960,88200,88200,88200,88200,0
1636737900,88200,88200,88200,88200,0
1636737840,88200,88200,88200,88200,0
1636737780,88200,88200,88200,88200,0
1636737720,88200,88200,88200,88200,0
1636737660,88200,88200,88200,88200,0
1636737600,88200,88200,88200,88200,0
1636737540,88200,88200,88200,88200,0
1636737480,88200,88200,88200,88200,0
1636737420,88200,88200,88200,88200,0
1636737360,88200,88200,88200,88200,0
1636737300,88200,88200,88200,88200,0
1636737240,88200,88200,88200,88200,0
1636737180,88200,88200,88200,88200,0
1636737120,88200,88200,88200,88200,0
1636737060,88200,88200,88200,88200,0
1636737000,88200,88200,88200,88200,0
1636736940,88200,88200,88200,88200,0
1636736880,88200,88200,88200,88200,0
1636736820,88200,88200,88200,88200,0
1636736760,88200,88200,88200,88200,0
1636736700,88200,88200,88200,88200,0
1636736640,88200,88200,88200,88200,0
1636736580,88200,88200,88200,88200,0
1636736520,88200,88200,88200,88200,0
1636736460,88200,88200,88200,88200,0
1636736400,88200,88200,88200,88200,0
1636736340,88200,88200,88200,88200,0
1636736280,88200,88200,88200,88200,0
1636736220,88200,88200,88200,88200,0
1636736160,88200,88200,88200,88200,0
1636736100,88200,88200,88200,88200,0
1636736040,88200,88200,88200,88200,0
1636735980,88200,88200,88200,88200,0
1636735920,88200,88200,88200,88200,0
1636735860,88200,88200,88200,88200,0
1636735800,88200,88200,88200,88200,0
1636735740,88200,88200,88200,88200,0
1636735680,88200,88200,88200,88200,0
1636735620,88200,88200,88200,88200,0
1636735560,88200,88200,88200,88200,0
1636735500,88200,88200,88200,88200,0
1636735440,88200,88200,88200,88200,0
1636735380,88200,88200,88200,88200,0
1636735320,88200,88200,88200,88200,0
1636735260,88200,88200,88200,88200,0
1636735200,88200,88200,88200,88200,0
1636735140,88200,88200,88200,88200,0
1636735080,88200,88200,88200,88200,0
1636735020,88200,88200,88200,88200,0
1636734960,88200,88200,88200,88200,0
1636734900,88200,88200,88200,88200,0
1636734840,88200,88200,88200,88200,0
1636734780,88200,88200,88200,88200,0
1636734720,88200,88200,88200,88200,0
1636734660,88200,88200,88200,88200,0
1636734600,88200,88200,88200,88200,0
1636734540,88200,88200,88200,88200,0
1636734480,88200,88200,88200,88200,0
1636734420,88200,88200,88200,88200,0
1636734360,88200,88200,88200,88200,0
1636734300,88200,88200,88200,88200,0
1636734240,88200,88200,88200,88200,0
1636734180,88200,88200,88200,88200,0
1636734120,88200,88200,88200,88200,0
1636734060,88200,88200,88200,88200,0
1636734000,88200,88200,88200,88200,0
1636733940,88200,88200,88200,88200,0
1636733880,88200,88200,88200,88200,0
1636733820,88200,88200,88200,88200,0
1636733760,88200,88200,88200,88200,0
1636733700,88200,88200,88200,88200,0
1636733640,88200,88200,88200,88200,0
1636733580,88200,88200,88200,88200,0
1636733520,88200,88200,88200,88200,0
1636733460,88200,88200,88200,88200,0
1636733400,88200,88200,88200,88200,0
1636733340,88200,88200,88200,88200,0
1636733280,88200,88200,88200,88200,0
1636733220,88200,88200,88200,88200,0
1636733160,88200,88200,88200,88200,0
1636733100,88200,88200,88200,88200,0
1636733040,88200,88200,88200,88200,0
1636732980,88200,88200,88200,88200,0
1636732920,88200,88200,88200,88200,0
1636732860,88200,88200,88200,88200,0
1636732800,88200,88200,88200,88200,0
1636732740,88200,88200,88200,88200,0
1636732680,88200,88200,88200,88200,0
1636732620,88200,88200,88200,88200,0
1636732560,88200,88200,88200,88200,0
1636732500,88200,88200,88200,88200,0
1636732440,88200,88200,88200,88200,0
1636732380,88200,88200,88200,88200,0
1636732320,88200,88200,88200,88200,0
1636732260,88200,88200,88200,88200,0
1636732200,88200,88200,88200,88200,0
1636732140,88200,88200,88200,88200,0
1636732080,88200,88200,88200,88200,0
1636732020,88200,88200,88200,88200,0
1636731960,88200,88200,88200,88200,0
1636731900,88200,88200,88200,88200,0
1636731840,88200,88200,88200,88200,0
1636731780,88200,88200,88200,88200,0
1636731720,88200,88200,88200,88200,0
1636731660,88200,88200,88200,88200,0
1636731600,88200,88200,88200,88200,0
1636731540,88200,88200,88200,88200,0
1636731480,88200,88200,88200,88200,0
1636731420,88200,88200,88200,88200,0
1636731360,88200,88200,88200,88200,0
1636731300,88200,88200,88200,88200,880.236
1636731240,88200,88200,88200,88200,0
1636731180,88200,88200,88200,88200,0
1636731120,88200,88200,88200,88200,0
1636731060,88200,88200,88200,88200,0
1636731000,88200,88200,88200,88200,0
1636730940,88200,88200,88200,88200,0
1636730880,88200,88200,88200,88200,0
1636730820,88200,88200,88200,88200,0
1636730760,88200,88200,88200,88200,0
1636730700,88200,88200,88200,88200,0
1636730640,88200,88200,88200,88200,0
1636730580,88200,88200,88200,88200,0
1636730520,88200,88200,88200,88200,0
1636730460,88200,88200,88200,88200,0
1636730400,88200,88200,88200,88200,0
1636730340,88200,88200,88200,88200,0
1636730280,88200,88200,88200,88200,0
1636730220,88200,88200,88200,88200,0
1636730160,88200,88200,88200,88200,0
1636730100,88200,88200,88200,88200,0
1636730040,88200,88200,88200,88200,0
1636729980,88200,88200,88200,88200,0
1636729920,88200,88200,88200,88200,0
1636729860,88200,88200,88200,88200,0
1636729800,88200,88200,88200,88200,0
1636729740,88200,88200,88200,88200,0
1636729680,88200,88200,88200,88200,0
1636729620,88200,88200,88200,88200,0
1636729560,88200,88200,88200,88200,0
1636729500,88200,88200,88200,88200,0
1636729440,88200,88200,88200,88200,0
1636729380,88200,88200,88200,88200,0
1636729320,88200,88200,88200,88200,0
1636729260,88200,88200,88200,88200,0
1636729200,88200,88200,88200,88200,0
1636729140,88200,88200,88200,88200,0
1636729080,88200,88200,88200,88200,0
1636729020,88200,88200,88200,88200,0
1636728960,88200,88200,88200,88200,0
1636728900,88200,88200,88200,88200,0
1636728840,88200,88200,88200,88200,0
1636728780,88200,88200,88200,88200,0
1636728720,88200,88200,88200,88200,0
1636728660,88200,88200,88200,88200,0
1636728600,88200,88200,88200,88200,0
1636728540,88200,88200,88200,88200,0
1636728480,88200,88200,88200,88200,0
1636728420,88200,88200,88200,88200,0
1636728360,88200,88200,88200,88200,0
1636728300,88200,88200,88200,88200,0
1636728240,88200,88200,88200,88200,0
1636728180,88200,88200,88200,88200,0
1636728120,88200,88200,88200,88200,0
1636728060,88200,88200,88200,88200,0
1636728000,88200,88200,88200,88200,0
1636727940,88200,88200,88200,88200,0
1636727880,88200,88200,88200,88200,0
1636727820,88200,88200,88200,88200,0
1636727760,88200,88200,88200,88200,0
1636727700,88200,88200,88200,88200,0
1636727640,88200,88200,88200,88200,0
1636727580,88200,88200,88200,88200,0
1636727520,88200,88200,88200,88200,0
1636727460,88200,88200,88200,88200,0
1636727400,88200,88200,88200,88200,0
1636727340,88200,88200,88200,88200,0
1636727280,88200,88200,88200,88200,0
1636727220,88200,88200,88200,88200,0
1636727160,88200,88200,88200,88200,0
1636727100,88200,88200,88200,88200,0
1636727040,88200,88200,88200,88200,0
1636726980,88200,88200,88200,88200,0
1636726920,88200,88200,88200,88200,0
1636726860,88200,88200,88200,88200,0
1636726800,88200,88200,88200,88200,0
1636726740,88200,88200,88200,88200,0
1636726680,88200,88200,88200,88200,0
1636726620,88200,88200,88200,88200,0
1636726560,88200,88200,88200,88200,0
1636726500,88200,88200,88200,88200,0
1636726440,88200,88200,88200,88200,0
1636726380,88200,88200,88200,88200,0
1636726320,88200,88200,88200,88200,0
1636726260,88200,88200,88200,88200,0
1636726200,88200,88200,88200,88200,0
1636726140,88200,88200,88200,88200,0
1636726080,88200,88200,88200,88200,0
1636726020,88200,88200,88200,88200,0
1636725960,88200,88200,88200,88200,0
1636725900,88200,88200,88200,88200,0
1636725840,88200,88200,88200,88200,0
1636725780,88200,88200,88200,88200,0
1636725720,88200,88200,88200,88200,0
1636725660,88200,88200,88200,88200,0
1636725600,88200,88200,88200,88200,0
1636725540,88200,88200,88200,88200,0
1636725480,88200,88200,88200,88200,0
1636725420,88200,88200,88200,88200,0
1636725360,88200,88200,88200,88200,0
1636725300,88200,88200,88200,88200,0
1636725240,88200,88200,88200,88200,0
1636725180,88200,88200,88200,88200,0
1636725120,88200,88200,88200,88200,0
1636725060,88200,88200,88200,88200,0
1636725000,88200,88200,88200,88200,0
1636724940,88200,88200,88200,88200,0
1636724880,88200,88200,88200,88200,0
1636724820,88200,88200,88200,88200,0
1636724760,88200,88200,88200,88200,0
1636724700,88200,88200,88200,88200,0
1636724640,88200,88200,88200,88200,0
1636724580,88200,88200,88200,88200,0
1636724520,88200,88200,88200,88200,0
1636724460,88200,88200,88200,88200,0
1636724400,88200,88200,88200,88200,0
1636724340,88200,88200,88200,88200,0
1636724280,88200,88200,88200,88200,0
1636724220,88200,88200,88200,88200,0
1636724160,88200,88200,88200,88200,0
1636724100,88200,88200,88200,88200,0
1636724040,88200,88200,88200,88200,0
1636723980,88200,88200,88200,88200,0
1636723920,88200,88200,88200,88200,0
1636723860,88200,88200,88200,88200,0
1636723800,88200,88200,88200,88200,0
1636723740,88200,88200,88200,88200,0
1636723680,88200,88200,88200,88200,0
1636723620,88200,88200,88200,88200,0
1636723560,88200,88200,88200,88200,0
1636723500,88200,88200,88200,88200,0
1636723440,88200,88200,88200,88200,0
1636723380,88200,88200,88200,88200,0
1636723320,88200,88200,88200,88200,0
1636723260,88200,88200,88200,88200,0
1636723200,88200,88200,88200,88200,0
1636723140,88200,88200,88200,88200,0
1636723080,88200,88200,88200,88200,0
1636723020,88200,88200,88200,88200,0
1636722960,88200,88200,88200,88200,0
1636722900,88200,88200,88200,88200,0
1636722840,88200,88200,88200,88200,0
1636722780,88200,88200,88200,88200,0
1636722720,88200,88200,88200,88200,0
1636722660,88200,88200,88200,88200,0
1636722600,88200,88200,88200,88200,0
1636722540,88200,88200,88200,88200,0
1636722480,88200,88200,88200,88200,0
1636722420,88200,88200,88200,88200,0
1636722360,88200,88200,88200,88200,0
1636722300,88200,88200,88200,88200,0
1636722240,88200,88200,88200,88200,0
1636722180,88200,88200,88200,88200,0
1636722120,88200,88200,88200,88200,0
1636722060,88200,88200,88200,88200,0
1636722000,88200,88200,88200,88200,0
1636721940,88200,88200,88200,88200,0
1636721880,88200,88200,88200,88200,0
1636721820,88200,88200,88200,88200,0
1636721760,88200,88200,88200,88200,0
1636721700,88200,88200,88200,88200,0
1636721640,88200,88200,88200,88200,0
1636721580,88200,88200,88200,88200,0
1636721520,88200,88200,88200,88200,0
1636721460,88200,88200,88200,88200,0
1636721400,88200,88200,88200,88200,0
1636721340,88200,88200,88200,88200,0
1636721280,88200,88200,88200,88200,0
1636721220,88200,88200,88200,88200,0
1636721160,88200,88200,88200,88200,0
1636721100,88200,88200,88200,88200,0
1636721040,88200,88200,88200,88200,0
1636720980,88200,88200,88200,88200,0
1636720920,88200,88200,88200,88200,0
1636720860,88200,88200,88200,88200,0
1636720800,88200,88200,88200,88200,0
1636720740,88200,88200,88200,88200,0
1636720680,88200,88200,88200,88200,0
1636720620,88200,88200,88200,88200,0
1636720560,88200,88200,88200,88200,0
1636720500,88200,88200,88200,88200,0
1636720440,88200,88200,88200,88200,0
1636720380,88200,88200,88200,88200,0
1636720320,88200,88200,88200,88200,0
1636720260,88200,88200,88200,88200,0
1636720200,88200,88200,88200,88200,0
1636720140,88200,88200,88200,88200,0
1636720080,88200,88200,88200,88200,0
1636720020,88200,88200,88200,88200,0
1636719960,88200,88200,88200,88200,0
1636719900,88200,88200,88200,88200,0
1636719840,88200,88200,88200,88200,0
1636719780,88200,88200,88200,88200,0
1636719720,88200,88200,88200,88200,0
1636719660,88200,88200,88200,88200,0
1636719600,88200,88200,88200,88200,0
1636719540,88200,88200,88200,88200,0
1636719480,88200,88200,88200,88200,0
1636719420,88200,88200,88200,88200,0
1636719360,88200,88200,88200,88200,0
1636719300,88200,88200,88200,88200,0
1636719240,88200,88200,88200,88200,0
1636719180,88200,88200,88200,88200,0
1636719120,88200,88200,88200,88200,0
1636719060,88200,88200,88200,88200,0
1636719000,88200,88200,88200,88200,0
1636718940,88200,88200,88200,88200,0
1636718880,88200,88200,88200,88200,0
1636718820,88200,88200,88200,88200,0
1636718760,88200,88200,88200,88200,0
1636718700,88200,88200,88200,88200,0
1636718640,88200,88200,88200,88200,0
1636718580,88200,88200,88200,88200,0
1636718520,88200,88200,88200,88200,0
1636718460,88200,88200,88200,88200,0
1636718400,88200,88200,88200,88200,0
1636718340,88200,88200,88200,88200,0
1636718280,88200,88200,88200,88200,0
1636718220,88200,88200,88200,88200,0
1636718160,88200,88200,88200,88200,0
1636718100,88200,88200,88200,88200,0
1636718040,88200,88200,88200,88200,0
1636717980,88200,88200,88200,88200,0
1636717920,88200,88200,88200,88200,0
1636717860,88200,88200,88200,88200,0
1636717800,88200,88200,88200,88200,0
1636717740,88200,88200,88200,88200,0
1636717680,88200,88200,88200,88200,0
1636717620,88200,88200,88200,88200,0
1636717560,88200,88200,88200,88200,0
1636717500,88200,88200,88200,88200,0
1636717440,88200,88200,88200,88200,0
1636717380,88200,88200,88200,88200,0
1636717320,88200,88200,88200,88200,0
1636717260,88200,88200,88200,88200,0
1636717200,88200,88200,88200,88200,0
1636717140,88200,88200,88200,88200,0
1636717080,88200,88200,88200,88200,0
1636717020,88200,88200,88200,88200,0
1636716960,88200,88200,88200,88200,0
1636716900,88200,88200,88200,88200,0
1636716840,88200,88200,88200,88200,0
1636716780,88200,88200,88200,88200,0
1636716720,88200,88200,88200,88200,0
1636716660,88200,88200,88200,88200,0
1636716600,88200,88200,88200,88200,0
1636716540,88200,88200,88200,88200,0
1636716480,88200,88200,88200,88200,0
1636716420,88200,88200,88200,88200,0
1636716360,88200,88200,88200,88200,0
1636716300,88200,88200,88200,88200,0
1636716240,88200,88200,88200,88200,0
1636716180,88200,88200,88200,88200,0
1636716120,88200,88200,88200,88200,0
1636716060,88200,88200,88200,88200,0
1636716000,88200,88200,88200,88200,0
1636715940,88200,88200,88200,88200,0
1636715880,88200,88200,88200,88200,0
1636715820,88200,88200,88200,88200,0
1636715760,88200,88200,88200,88200,0
1636715700,88200,88200,88200,88200,0
1636715640,88200,88200,88200,88200,0
1636715580,88200,88200,88200,88200,0
1636715520,88200,88200,88200,88200,0
1636715460,88200,88200,88200,88200,0
1636715400,88200,88200,88200,88200,0
1636715340,88200,88200,88200,88200,0
1636715280,88200,88200,88200,88200,0
1636715220,88200,88200,88200,88200,0
1636715160,88200,88200,88200,88200,0
1636715100,88200,88200,88200,88200,0
1636715040,88200,88200,88200,88200,0
1636714980,88200,88200,88200,88200,0
1636714920,88200,88200,88200,88200,0
1636714860,88200,88200,88200,88200,0
1636714800,88200,88200,88200,88200,0
1636714740,88200,88200,88200,88200,0
1636714680,88200,88200,88200,88200,0
1636714620,88200,88200,88200,88200,0
1636714560,88200,88200,88200,88200,0
1636714500,88200,88200,88200,88200,0
1636714440,88200,88200,88200,88200,0
1636714380,88200,88200,88200,88200,0
1636714320,88200,88200,88200,88200,0
1636714260,88200,88200,88200,88200,0
1636714200,88200,88200,88200,88200,0
1636714140,88200,88200,88200,88200,0
1636714080,88200,88200,88200,88200,0
1636714020,88200,88200,88200,88200,0
1636713960,88200,88200,88200,88200,0
1636713900,88200,88200,88200,88200,0
1636713840,88200,88200,88200,88200,0
1636713780,88200,88200,88200,88200,0
1636713720,88200,88200,88200,88200,0
1636713660,88200,88200,88200,88200,0
1636713600,88200,88200,88200,88200,0
1636713540,88200,88200,88200,88200,0
1636713480,88200,88200,88200,88200,0
1636713420,88200,88200,88200,88200,0
1636713360,88200,88200,88200,88200,0
1636713300,88200,88200,88200,88200,0
1636713240,88200,88200,88200,88200,0
1636713180,88200,88200,88200,88200,0
1636713120,88200,88200,88200,88200,0
1636713060,88200,88200,88200,88200,0
1636713000,88200,88200,88200,88200,0
1636712940,88200,88200,88200,88200,0
1636712880,88200,88200,88200,88200,0
1636712820,88200,88200,88200,88200,0
1636712760,88200,88200,88200,88200,0
1636712700,88200,88200,88200,88200,0
1636712640,88200,88200,88200,88200,0
1636712580,88200,88200,88200,88200,0
1636712520,88200,88200,88200,88200,0
1636712460,88200,88200,88200,88200,0
1636712400,88200,88200,88200,88200,0
1636712340,88200,88200,88200,88200,0
1636712280,88200,88200,88200,88200,0
1636712220,88200,88200,88200,88200,0
1636712160,88200,88200,88200,88200,0
1636712100,88200,88200,88200,88200,0
1636712040,88200,88200,88200,88200,0
1636711980,88200,88200,88200,88200,0
1636711920,88200,88200,88200,88200,0
1636711860,88200,88200,88200,88200,0
1636711800,88200,88200,88200,88200,0
1636711740,88200,88200,88200,88200,0
1636711680,88200,88200,88200,88200,0
1636711620,88200,88200,88200,88200,0
1636711560,88200,88200,88200,88200,0
1636711500,88200,88200,88200,88200,0
1636711440,88200,88200,88200,88200,0
1636711380,88200,88200,88200,88200,0
1636711320,88200,88200,88200,88200,0
1636711260,88200,88200,88200,88200,0
1636711200,88200,88200,88200,88200,0
1636711140,88200,88200,88200,88200,0
1636711080,88200,88200,88200,88200,0
1636711020,88200,88200,88200,88200,0
1636710960,88200,88200,88200,88200,0
1636710900,88200,88200,88200,88200,0
1636710840,88200,88200,88200,88200,0
1636710780,88200,88200,88200,88200,0
1636710720,88200,88200,88200,88200,0
1636710660,88200,88200,88200,88200,0
1636710600,88200,88200,88200,88200,0
1636710540,88200,88200,88200,88200,0
1636710480,88200,88200,88200,88200,0
1636710420,88200,88200,88200,88200,0
1636710360,88200,88200,88200,88200,0
1636710300,88200,88200,88200,88200,0
1636710240,88200,88200,88200,88200,0
1636710180,88200,88200,88200,88200,0
1636710120,88200,88200,88200,88200,0
1636710060,88200,88200,88200,88200,0
1636710000,88200,88200,88200,88200,0
1636709940,88200,88200,88200,88200,0
1636709880,88200,88200,88200,88200,0
1636709820,88200,88200,88200,88200,0
1636709760,88200,88200,88200,88200,0
1636709700,88200,88200,88200,88200,0
1636709640,88200,88200,88200,88200,0
1636709580,88200,88200,88200,88200,0
1636709520,88200,88200,88200,88200,0
1636709460,88200,88200,88200,88200,0
1636709400,88200,88200,88200,88200,0
1636709340,88200,88200,88200,88200,0
1636709280,88200,88200,88200,88200,0
1636709220,88200,88200,88200,88200,0
1636709160,88200,88200,88200,88200,0
1636709100,88200,88200,88200,88200,0
1636709040,88200,88200,88200,88200,0
1636708980,88200,88200,88200,88200,0
1636708920,88200,88200,88200,88200,0
1636708860,88200,88200,88200,88200,0
1636708800,88200,88200,88200,88200,0
1636708740,88200,88200,88200,88200,0
1636708680,88200,88200,88200,88200,0
1636708620,88200,88200,88200,88200,0
1636708560,88200,88200,88200,88200,0
1636708500,88200,88200,88200,88200,0
1636708440,88200,88200,88200,88200,0
1636708380,88200,88200,88200,88200,0
1636708320,88200,88200,88200,88200,0
1636708260,88200,88200,88200,88200,0
1636708200,88200,88200,88200,88200,0
1636708140,88200,88200,88200,88200,0
1636708080,88200,88200,88200,88200,0
1636708020,88200,88200,88200,88200,0
1636707960,88200,88200,88200,88200,0
1636707900,88200,88200,88200,88200,0
1636707840,88200,88200,88200,88200,0
1636707780,88200,88200,88200,88200,0
1636707720,88200,88200,88200,88200,0
1636707660,88200,88200,88200,88200,0
1636707600,88200,88200,88200,88200,0
1636707540,88200,88200,88200,88200,0
1636707480,88200,88200,88200,88200,0
1636707420,88200,88200,88200,88200,0
1636707360,88200,88200,88200,88200,0
1636707300,88200,88200,88200,88200,0
1636707240,88200,88200,88200,88200,0
1636707180,88200,88200,88200,88200,0
1636707120,88200,88200,88200,88200,0
1636707060,88200,88200,88200,88200,0
1636707000,88200,88200,88200,88200,0
1636706940,88200,88200,88200,88200,0
1636706880,88200,88200,88200,88200,0
1636706820,88200,88200,88200,88200,0
1636706760,88200,88200,88200,88200,0
1636706700,88200,88200,88200,88200,0
1636706640,88200,88200,88200,88200,0
1636706580,88200,88200,88200,88200,0
1636706520,88200,88200,88200,88200,0
1636706460,88200,88200,88200,88200,0
1636706400,88200,88200,88200,88200,0
1636706340,88200,88200,88200,88200,0
1636706280,88200,88200,88200,88200,0
1636706220,88200,88200,88200,88200,0
1636706160,88200,88200,88200,88200,0
1636706100,88200,88200,88200,88200,0
1636706040,88200,88200,88200,88200,0
1636705980,88200,88200,88200,88200,0
1636705920,88200,88200,88200,88200,0
1636705860,88200,88200,88200,88200,0
1636705800,88200,88200,88200,88200,0
1636705740,88200,88200,88200,88200,0
1636705680,88200,88200,88200,88200,0
1636705620,88200,88200,88200,88200,0
1636705560,88200,88200,88200,88200,0
1636705500,88200,88200,88200,88200,0
1636705440,88200,88200,88200,88200,0
1636705380,88200,88200,88200,88200,0
1636705320,88200,88200,88200,88200,0
1636705260,88200,88200,88200,88200,0
1636705200,88200,88200,88200,88200,0
1636705140,88200,88200,88200,88200,0
1636705080,88200,88200,88200,88200,0
1636705020,88200,88200,88200,88200,0
1636704960,88200,88200,88200,88200,0
1636704900,88200,88200,88200,88200,0
1636704840,88200,88200,88200,88200,0
1636704780,88200,88200,88200,88200,0
1636704720,88200,88200,88200,88200,0
1636704660,88200,88200,88200,88200,0
1636704600,88200,88200,88200,88200,0
1636704540,88200,88200,88200,88200,0
1636704480,88200,88200,88200,88200,0
1636704420,88200,88200,88200,88200,0
1636704360,88200,88200,88200,88200,0
1636704300,88200,88200,88200,88200,0
1636704240,88200,88200,88200,88200,0
1636704180,88200,88200,88200,88200,0
1636704120,88200,88200,88200,88200,0
1636704060,88200,88200,88200,88200,0
1636704000,88200,88200,88200,88200,0
1636703940,88200,88200,88200,88200,0
1636703880,88200,88200,88200,88200,0
1636703820,88200,88200,88200,88200,0
1636703760,88200,88200,88200,88200,0
1636703700,88200,88200,88200,88200,0
1636703640,88200,88200,88200,88200,0
1636703580,88200,88200,88200,88200,0
1636703520,88200,88200,88200,88200,0
1636703460,88200,88200,88200,88200,0
1636703400,88200,88200,88200,88200,0
1636703340,88200,88200,88200,88200,0
1636703280,88200,88200,88200,88200,0
1636703220,88200,88200,88200,88200,0
1636703160,88200,88200,88200,88200,0
1636703100,88200,88200,88200,88200,0
1636703040,88200,88200,88200,88200,0
1636702980,88200,88200,88200,88200,0
1636702920,88200,88200,88200,88200,0
1636702860,88200,88200,88200,88200,0
1636702800,88200,88200,88200,88200,0
1636702740,88200,88200,88200,88200,0
1636702680,88200,88200,88200,88200,0
1636702620,88200,88200,88200,88200,0
1636702560,88200,88200,88200,88200,0
1636702500,88200,88200,88200,88200,0
1636702440,88200,88200,88200,88200,0
1636702380,88200,88200,88200,88200,0
1636702320,88200,88200,88200,88200,0
1636702260,88200,88200,88200,88200,0
1636702200,88200,88200,88200,88200,0
1636702140,88200,88200,88200,88200,0
1636702080,88200,88200,88200,88200,0
1636702020,88200,88200,88200,88200,0
1636701960,88200,88200,88200,88200,0
1636701900,88200,88200,88200,88200,0
1636701840,88200,88200,88200,88200,0
1636701780,88200,88200,88200,88200,0
1636701720,88200,88200,88200,88200,0
1636701660,88200,88200,88200,88200,0
1636701600,88200,88200,88200,88200,0
1636701540,88200,88200,88200,88200,0
1636701480,88200,88200,88200,88200,0
1636701420,88200,88200,88200,88200,0
1636701360,88200,88200,88200,88200,0
1636701300,88200,88200,88200,88200,0
1636701240,88200,88200,88200,88200,0
1636701180,88200,88200,88200,88200,0
1636701120,88200,88200,88200,88200,0
1636701060,88200,88200,88200,88200,0
1636701000,88200,88200,88200,88200,0
1636700940,88200,88200,88200,88200,0
1636700880,88200,88200,88200,88200,0
1636700820,88200,88200,88200,88200,0
1636700760,88200,88200,88200,88200,0
1636700700,88200,88200,88200,88200,0
1636700640,88200,88200,88200,88200,0
1636700580,88200,88200,88200,88200,0
1636700520,88200,88200,88200,88200,0
1636700460,88200,88200,88200,88200,0
1636700400,88200,88200,88200,88200,0
1636700340,88200,88200,88200,88200,0
1636700280,88200,88200,88200,88200,0
1636700220,88200,88200,88200,88200,0
1636700160,88200,88200,88200,88200,0
1636700100,88200,88200,88200,88200,0
1636700040,88200,88200,88200,88200,0
1636699980,88200,88200,88200,88200,0
1636699920,88200,88200,88200,88200,0
1636699860,88200,88200,88200,88200,0
1636699800,88200,88200,88200,88200,0
1636699740,88200,88200,88200,88200,0
1636699680,88200,88200,88200,88200,0
1636699620,88200,88200,88200,88200,0
1636699560,88200,88200,88200,88200,0
1636699500,88200,88200,88200,88200,0
1636699440,88200,88200,88200,88200,0
1636699380,88200,88200,88200,88200,0
1636699320,88200,88200,88200,88200,0
1636699260,88200,88200,88200,88200,0
1636699200,88200,88200,88200,88200,0
1636699140,88200,88200,88200,88200,0
1636699080,88200,88200,88200,88200,0
1636699020,88200,88200,88200,88200,0
1636698960,88200,88200,88200,88200,0
1636698900,88200,88200,88200,88200,0
1636698840,88200,88200,88200,88200,0
1636698780,88200,88200,88200,88200,0
1636698720,88200,88200,88200,88200,0
1636698660,88200,88200,88200,88200,0
1636698600,88200,88200,88200,88200,0
1636698540,88200,88200,88200,88200,0
1636698480,88200,88200,88200,88200,0
1636698420,88200,88200,88200,88200,0
1636698360,88200,88200,88200,88200,0
1636698300,88200,88200,88200,88200,0
1636698240,88200,88200,88200,88200,0
1636698180,88200,88200,88200,88200,0
1636698120,88200,88200,88200,88200,0
1636698060,88200,88200,88200,88200,0
1636698000,88200,88200,88200,88200,0
1636697940,88200,88200,88200,88200,0
1636697880,88200,88200,88200,88200,0
1636697820,88200,88200,88200,88200,0
1636697760,88200,88200,88200,88200,0
1636697700,88200,88200,88200,88200,0
1636697640,88200,88200,88200,88200,0
1636697580,88200,88200,88200,88200,0
1636697520,88200,88200,88200,88200,0
1636697460,88200,88200,88200,88200,0
1636697400,88200,88200,88200,88200,0
1636697340,88200,88200,88200,88200,0
1636697280,88200,88200,88200,88200,0
1636697220,88200,88200,88200,88200,0
1636697160,88200,88200,88200,88200,0
1636697100,88200,88200,88200,88200,0
1636697040,88200,88200,88200,88200,0
1636696980,88200,88200,88200,88200,0
1636696920,88200,88200,88200,88200,0
1636696860,88200,88200,88200,88200,0
1636696800,88200,88200,88200,88200,0
1636696740,88200,88200,88200,88200,0
1636696680,88200,88200,88200,88200,0
1636696620,88200,88200,88200,88200,0
1636696560,88200,88200,88200,88200,0
1636696500,88200,88200,88200,88200,0
1636696440,88200,88200,88200,88200,0
1636696380,88200,88200,88200,88200,0
1636696320,88200,88200,88200,88200,0
1636696260,88200,88200,88200,88200,0
1636696200,88200,88200,88200,88200,0
1636696140,88200,88200,88200,88200,0
1636696080,88200,88200,88200,88200,0
1636696020,88200,88200,88200,88200,0
1636695960,88200,88200,88200,88200,0
1636695900,88200,88200,88200,88200,0
1636695840,88200,88200,88200,88200,0
1636695780,88200,88200,88200,88200,0
1636695720,88200,88200,88200,88200,0
1636695660,88200,88200,88200,88200,0
1636695600,88200,88200,88200,88200,0
1636695540,88200,88200,88200,88200,0
1636695480,88200,88200,88200,88200,0
1636695420,88200,88200,88200,88200,0
1636695360,88200,88200,88200,88200,0
1636695300,88200,88200,88200,88200,0
1636695240,88200,88200,88200,88200,0
1636695180,88200,88200,88200,88200,0
1636695120,88200,88200,88200,88200,0
1636695060,88200,88200,88200,88200,0
1636695000,88200,88200,88200,88200,0
1636694940,88200,88200,88200,88200,0
1636694880,88200,88200,88200,88200,0
1636694820,88200,88200,88200,88200,0
1636694760,88200,88200,88200,88200,0
1636694700,88200,88200,88200,88200,0
1636694640,88200,88200,88200,88200,0
1636694580,88200,88200,88200,88200,0
1636694520,88200,88200,88200,88200,0
1636694460,88200,88200,88200,88200,0
1636694400,88200,88200,88200,88200,0
1636694340,88200,88200,88200,88200,0
1636694280,88200,88200,88200,88200,0
1636694220,88200,88200,88200,88200,0
1636694160,88200,88200,88200,88200,0
1636694100,88200,88200,88200,88200,0
1636694040,88200,88200,88200,88200,0
1636693980,88200,88200,88200,88200,0
1636693920,88200,88200,88200,88200,0
1636693860,88200,88200,88200,88200,0
1636693800,88200,88200,88200,88200,0
1636693740,88200,88200,88200,88200,0
1636693680,88200,88200,88200,88200,0
1636693620,88200,88200,88200,88200,0
1636693560,88200,88200,88200,88200,0
1636693500,88200,88200,88200,88200,0
1636693440,88200,88200,88200,88200,0
1636693380,88200,88200,88200,88200,0
1636693320,88200,88200,88200,88200,0
1636693260,88200,88200,88200,88200,0
1636693200,88200,88200,88200,88200,0
1636693140,88200,88200,88200,88200,0
1636693080,88200,88200,88200,88200,0
1636693020,88200,88200,88200,88200,0
1636692960,88200,88200,88200,88200,0
1636692900,88200,88200,88200,88200,0
1636692840,88200,88200,88200,88200,0
1636692780,88200,88200,88200,88200,0
1636692720,88200,88200,88200,88200,0
1636692660,88200,88200,88200,88200,0
1636692600,88200,88200,88200,88200,0
1636692540,88200,88200,88200,88200,0
1636692480,88200,88200,88200,88200,0
1636692420,88200,88200,88200,88200,0
1636692360,88200,88200,88200,88200,0
1636692300,88200,88200,88200,88200,0
1636692240,88200,88200,88200,88200,0
1636692180,88200,88200,88200,88200,0
1636692120,88200,88200,88200,88200,0
1636692060,88200,88200,88200,88200,0
1636692000,88200,88200,88200,88200,0
1636691940,88200,88200,88200,88200,0
1636691880,88200,88200,88200,88200,0
1636691820,88200,88200,88200,88200,0
1636691760,88200,88200,88200,88200,0
1636691700,88200,88200,88200,88200,0
1636691640,88200,88200,88200,88200,0
1636691580,88200,88200,88200,88200,0
1636691520,88200,88200,88200,88200,0
1636691460,88200,88200,88200,88200,0
1636691400,88200,88200,88200,88200,0
1636691340,88200,88200,88200,88200,0
1636691280,88200,88200,88200,88200,0
1636691220,88200,88200,88200,88200,0
1636691160,88200,88200,88200,88200,0
1636691100,88200,88200,88200,88200,0
1636691040,88200,88200,88200,88200,0
1636690980,88200,88200,88200,88200,0
1636690920,88200,88200,88200,88200,0
1636690860,88200,88200,88200,88200,0
1636690800,88200,88200,88200,88200,0
1636690740,88200,88200,88200,88200,0
1636690680,88200,88200,88200,88200,0
1636690620,88200,88200,88200,88200,0
1636690560,88200,88200,88200,88200,0
1636690500,88200,88200,88200,88200,0
1636690440,88200,88200,88200,88200,0
1636690380,88200,88200,88200,88200,0
1636690320,88200,88200,88200,88200,0
1636690260,88200,88200,88200,88200,0
1636690200,88200,88200,88200,88200,0
1636690140,88200,88200,88200,88200,0
1636690080,88200,88200,88200,88200,0
1636690020,88200,88200,88200,88200,0
1636689960,88200,88200,88200,88200,0
1636689900,88200,88200,88200,88200,0
1636689840,88200,88200,88200,88200,0
1636689780,88200,88200,88200,88200,0
1636689720,88200,88200,88200,88200,0
1636689660,88200,88200,88200,88200,0
1636689600,88200,88200,88200,88200,0
1636689540,88200,88200,88200,88200,0
1636689480,88200,88200,88200,88200,0
1636689420,88200,88200,88200,88200,0
1636689360,88200,88200,88200,88200,0
1636689300,88200,88200,88200,88200,0
1636689240,88200,88200,88200,88200,0
1636689180,88200,88200,88200,88200,0
1636689120,88200,88200,88200,88200,0
1636689060,88200,88200,88200,88200,0
1636689000,88200,88200,88200,88200,0
1636688940,88200,88200,88200,88200,0
1636688880,88200,88200,88200,88200,0
1636688820,88200,88200,88200,88200,0
1636688760,88200,88200,88200,88200,0
1636688700,88200,88200,88200,88200,0
1636688640,88200,88200,88200,88200,0
1636688580,88200,88200,88200,88200,0
1636688520,88200,88200,88200,88200,0
1636688460,88200,88200,88200,88200,0
1636688400,88200,88200,88200,88200,0
1636688340,88200,88200,88200,88200,0
1636688280,88200,88200,88200,88200,0
1636688220,88200,88200,88200,88200,0
1636688160,88200,88200,88200,88200,0
1636688100,88200,88200,88200,88200,0
1636688040,88200,88200,88200,88200,0
1636687980,88200,88200,88200,88200,0
1636687920,88200,88200,88200,88200,0
1636687860,88200,88200,88200,88200,0
1636687800,88200,88200,88200,88200,0
1636687740,88200,88200,88200,88200,0
1636687680,88200,88200,88200,88200,0
1636687620,88200,88200,88200,88200,0
1636687560,88200,88200,88200,88200,0
1636687500,88200,88200,88200,88200,0
1636687440,88200,88200,88200,88200,0
1636687380,88200,88200,88200,88200,0
1636687320,88200,88200,88200,88200,0
1636687260,88200,88200,88200,88200,0
1636687200,88200,88200,88200,88200,0
1636687140,88200,88200,88200,88200,0
1636687080,88200,88200,88200,88200,0
1636687020,88200,88200,88200,88200,0
1636686960,88200,88200,88200,88200,0
1636686900,88200,88200,88200,88200,0
1636686840,88200,88200,88200,88200,0
1636686780,88200,88200,88200,88200,0
1636686720,88200,88200,88200,88200,0
1636686660,88200,88200,88200,88200,0
1636686600,88200,88200,88200,88200,0
1636686540,88200,88200,88200,88200,0
1636686480,88200,88200,88200,88200,0
1636686420,88200,88200,88200,88200,0
